filename,label
synframe101_jpg.rf.1f308718bf44dcb6dd10e32ce9fc6cd5.jpg,in
synframe119_jpg.rf.86ddef4b7c7c996344879b9f79c46ddf.jpg,in
synframe122_jpg.rf.9f84517312ec31ca29cfd1b828dfe647.jpg,in
synframe1247_jpg.rf.f1141dda575c60eeb4b7a29a583c1afa.jpg,out
synframe136_jpg.rf.750bbb8f3e5d2922a3b9c2758a1b4ac2.jpg,skip
synframe151_jpg.rf.73b75aa9ccab962d663e0b3d17cb0bbf.jpg,out
synframe153_jpg.rf.0e01c7cc802cff779c427c327bdd5419.jpg,out
synframe348_jpg.rf.e9e3f0e971cd595dc78dec19b574d53c.jpg,in
synframe353_jpg.rf.926c3fa40f1e7b4fd5682849aa9cebb3.jpg,in
synframe381_jpg.rf.8a20d00c58388526130dc61757296537.jpg,out
synframe384_jpg.rf.7c627687a800348211711b0338d6b4dd.jpg,out
synframe388_jpg.rf.103cd8e25db070a9cb7fb49aa097a424.jpg,out
synframe390_jpg.rf.7d23fb7c5da4e4913300bd28970a3ab9.jpg,out
synframe401_jpg.rf.4d16d748c989a18b81ef6615372c4d27.jpg,out
synframe404_jpg.rf.8b6dbcbd6a3e5cebf0400a77f30afe9e.jpg,skip
synframe410_jpg.rf.d276ef3a46e253a4b33e7d2eb52edfc8.jpg,in
synframe421_jpg.rf.b592641f9878314acbdc5b7889004c79.jpg,in
synframe430_jpg.rf.033568f9ce80fc386b5eef75dab005d8.jpg,in
synframe450_jpg.rf.05b6c94b0ed21d283c64fbe1802d7ab9.jpg,in
synframe456_jpg.rf.68cedc662d85a16f51d287593219cead.jpg,in
synframe46_jpg.rf.75602e5cd9aed10a6ef72a79194eeb87.jpg,in
synframe486_jpg.rf.17d3c275cf72042ac409076b69193de0.jpg,out
synframe491_jpg.rf.d95e7e7d5b60203ebb2df177a3e769d4.jpg,out
synframe496_jpg.rf.460cac03011a9cf2bc65839cd9d4d8e3.jpg,in
synframe498_jpg.rf.39003c420210b0a9aa7265e0dd31dd41.jpg,in
synframe501_jpg.rf.815b4ac956196ed9b82b8dd3fce1ae12.jpg,in
synframe510_jpg.rf.7a46f343928b17f43db89df4dacddd00.jpg,in
synframe525_jpg.rf.80de3c817568c67ba6cda200b7c04316.jpg,in
synframe531_jpg.rf.f8af714c2fb07cfc12a81da48f5c370e.jpg,in
synframe539_jpg.rf.790ce2d767282119e2091f1cdd997538.jpg,out
synframe55_jpg.rf.588c0225adfdf989be49652f18fcec6e.jpg,in
synframe560_jpg.rf.80c2cbf4c32358249b45345e6cc6b3b9.jpg,out
synframe588_jpg.rf.fb6dd3812fb751d629ef5fbc940fa6a2.jpg,in
synframe590_jpg.rf.3fa7d382c22a46a4230ce017fc878aac.jpg,in
synframe608_jpg.rf.df8c3269fe89fd4852ae871940373a12.jpg,out
synframe618_jpg.rf.350bfb14bfb37d8f1b8956b0535f7662.jpg,out
synframe619_jpg.rf.b1b953669baa072b608686aceb8ac0c7.jpg,out
synframe631_jpg.rf.3e3f16f6e5c89b39d99d6be83a19ce2a.jpg,out
synframe650_jpg.rf.db92050b958f2e708032af4a71ecc0fe.jpg,in
synframe770_jpg.rf.bcdb5968a3f2092bfbd7fff339b5ca7a.jpg,out
synframe779_jpg.rf.a1aa5175ca6d8b28a43c6e1fd4bd0980.jpg,out
synframe803_jpg.rf.e73f5af9705d435f39a41496ec056dd6.jpg,out
synframe807_jpg.rf.272988e0eed90104a9d2f243bfac0d63.jpg,out
synframe99_jpg.rf.3823fb2e88b312d9ad1d67f56d705adc.jpg,in
synthetic1379_jpg.rf.2ff1553dc09474c4a10cdb9d7078e213.jpg,out
synthetic1400_jpg.rf.1cbc42e6a6db0504eb706e8a0a6e4b8b.jpg,in
synthetic1410_jpg.rf.ed5f0f3daa458371a05d0951738ebf15.jpg,out
synthetic1434_jpg.rf.de1e5c33911e139b8817e75084f67f1d.jpg,skip
synthetic1442_jpg.rf.df9f632e133b585951acbca71ace7e85.jpg,in
synthetic1450_jpg.rf.e2c0b76fe482dffeba6f004b40416de9.jpg,in